﻿<?xml version="1.0" encoding="utf-8"?>
<DocumentElement>
  <JobClass xmlns:xsi="http://www.w3.org/2001/XMLSchema-instance" xmlns:xsd="http://www.w3.org/2001/XMLSchema">
    <ID>1</ID>
    <MasterFilePath>C:\TeklaStructures\PES_Connection_Wizard\</MasterFilePath>
    <ModelName>Rainier Sqaure</ModelName>
    <ProjectName>Herrick Steel-IMP</ProjectName>
    <CreatedTime>09-06-2018 10-32-13 AM</CreatedTime>
    <ProcessTime>09-06-2018 10-34-07 AM</ProcessTime>
    <TeklaVersion>21.0</TeklaVersion>
    <IsProcCompleted>false</IsProcCompleted>
  </JobClass>
  <JobClass xmlns:xsi="http://www.w3.org/2001/XMLSchema-instance" xmlns:xsd="http://www.w3.org/2001/XMLSchema">
    <ID>2</ID>
    <MasterFilePath>C:\TeklaStructures\PES_Connection_Wizard\</MasterFilePath>
    <ModelName>Rainier Sqaure</ModelName>
    <ProjectName>Herrick Steel-IMP</ProjectName>
    <CreatedTime>09-06-2018 10-32-16 AM</CreatedTime>
    <ProcessTime>09-06-2018 10-35-07 AM</ProcessTime>
    <TeklaVersion>21.0</TeklaVersion>
    <IsProcCompleted>false</IsProcCompleted>
  </JobClass>
</DocumentElement>